,CDT,Control Point,DP,ECDW,ECW,GV,LCDW,LCW,MTRB,OilPD,PLC,Power,SP,VFD,SST,SDT,Year,COOLDT,h_cdo,h_suc,s_suc,h_dis_i,h_dis,eta_comp,COP,psm_cop,eta,COP_Current,COP_New,Energy Saving%,Energy Saving,fn,root,ALC,Hrs,InverT,OilT
count,13931.0,126.0,13931.0,13931.0,11939.0,12654.0,12930.0,13931.0,12430.0,12354.0,13931.0,9942.0,13931.0,123.0,13931.0,13931.0,13931.0,11939.0,13931.0,13931.0,13931.0,13931.0,13931.0,13931.0,13931.0,13931.0,13931.0,13931.0,13931.0,13931.0,9942.0,1913Q22565.csv,North_America_chiller_retrofit,,,,
mean,47.23840116528648,4.448853615520282,813130.4090247732,22.64974596881873,9.544857657361437,27.604140985711066,30.94886139078608,4.515780156092606,150.94291231113965,239.68154356426356,74.43246715256218,315.97369744518204,338667.9407140098,0.16504065049130742,4.081607518584047,31.742180596808808,2022.5433924341396,5.019999813797643,244280.9321811657,400965.87777899584,1724.923044986519,419006.08734299266,431759.2409443821,0.5889045694011698,5.099424002335146,8.12592295641088,0.6423362832030116,5.099424002335146,8.12592295641088,35.76637167969883,10739.602004703169,1913Q22565.csv,North_America_chiller_retrofit,,,,
std,2.1004370883421535,0.04949282257637487,90550.47258632972,4.220913752412024,1.2061436070403921,14.245973790581886,3.7236037067618715,0.48490801777458337,1.203536591380288,2.064282123959293,12.72106178751015,59.15410912254596,6122.542711233143,0.04787918514680203,0.4830017690962264,3.832763790289968,0.49813141676442735,1.030101011356177,5593.00292849208,274.22804768811426,0.23282829711612024,2244.510135462952,1772.1365443171223,0.08751111991903367,0.2743192170728262,1.2769711584198096,0.09771700338045063,0.2743192170728262,1.2769711584198096,9.771700338045061,1378.1760161997918,1913Q22565.csv,North_America_chiller_retrofit,,,,
min,41.0,4.444444444444445,666695.073999997,15.055555555555555,5.0,5.5,24.555555555555557,2.8888888888888906,147.6,227.526981,42.4,173.2,320578.2726000479,0.1,2.5276863901542015,25.06624839587579,2022.0,0.9444444444444464,234640.2016908249,400071.2824330792,1720.2084526261356,414998.1434405701,427260.7800889456,0.3494776890117994,4.11943564524449,5.67779777503539,0.4093118082348218,4.11943564524449,5.67779777503539,17.715606614920574,7371.57088444281,1913Q22565.csv,North_America_chiller_retrofit,,,,
25%,46.388888888888886,4.444444444444445,729437.3627000002,19.0,8.61111111111111,15.5,27.55555555555555,4.388888888888888,150.1,237.86911650000002,63.3,260.7,336436.2137000306,0.1,3.896224583040805,28.12049923401048,2022.0,4.166666666666667,239012.59437138552,400859.7237321644,1724.868444629738,416846.6571357893,430921.7220283341,0.5083802883003185,4.956149328002201,6.902181989560344,0.5621787167500856,4.956149328002201,6.902181989560344,27.2767421566163,9556.40495290863,1913Q22565.csv,North_America_chiller_retrofit,,,,
50%,47.44444444444445,4.444444444444445,789421.748600041,23.055555555555554,9.666666666666666,25.3,30.05555555555555,4.444444444444445,150.7,239.24806790000002,75.5,322.6,338504.64080006414,0.2,4.071060106702134,30.860632541968528,2023.0,5.2222222222222205,242968.26200103186,400960.12207835296,1724.9271373583908,418531.3396919075,431389.52587541746,0.5916314948801595,5.059291442252964,8.172150844769057,0.6513706557554692,5.059291442252964,8.172150844769057,34.86293442445309,11020.440849939596,1913Q22565.csv,North_America_chiller_retrofit,,,,
75%,48.44444444444444,4.444444444444445,879053.589600007,25.999999999999996,10.333333333333334,34.6,33.77777777777778,4.500000000000001,151.8,241.316495,83.6,360.2,339883.59220003797,0.2,4.187162761926288,34.67679910501096,2023.0,5.833333333333333,248532.3429761963,401026.75181748084,1725.0158083873275,420770.7691430009,432421.3540839139,0.656818611434276,5.173914892524067,9.386,0.7272325784338369,5.173914892524067,9.386,43.78212832499143,11860.803431209351,1913Q22565.csv,North_America_chiller_retrofit,,,,
max,61.277777777777786,5.0,1129333.2686999966,34.55555555555556,20.555555555555554,71.7,42.94444444444444,15.88888888888889,166.6,246.8323006,104.5,458.1,479891.0333245201,0.20000000298023224,14.455555555555557,43.97346217049011,2023.0,8.222222222222221,262384.80240577756,406776.77472303365,1725.7220469972399,425295.0895093193,441252.1466616115,0.7760658445243515,6.119121531857857,10.492425570789685,0.8228439338507942,6.119121531857857,10.492425570789685,59.06881917651783,15612.654666797202,1913Q22565.csv,North_America_chiller_retrofit,,,,
count,23307.0,23307.0,23307.0,23307.0,23307.0,23307.0,23307.0,23307.0,23307.0,23307.0,23307.0,23307.0,23307.0,23307.0,23307.0,23307.0,23307.0,23307.0,23307.0,23307.0,23307.0,23307.0,23307.0,23307.0,23307.0,23307.0,23307.0,23307.0,23307.0,23307.0,23307.0,2301Q65746.csv,North_America_chiller_retrofit,23307.0,23307.0,3923.0,
mean,40.49478185218165,6.311400704353322,646656.9309296377,20.508738467873176,8.96211192333991,7.306008788959018,23.620033531672526,6.310256220702993,131.70756711193445,183.5612223581885,44.605040961416265,85.5739063346903,359741.1695507526,90.15178579467192,5.817331636762621,23.968980754517744,2022.922169305359,2.651855702636917,233091.51669919092,401958.4296401672,1724.061320868901,414021.942190673,428298.2813357505,0.4643198691169417,6.531630452633777,8.776492109967716,0.7451759477104376,6.531630452633777,8.776492109967716,25.482405228956228,2266.0955687978726,2301Q65746.csv,North_America_chiller_retrofit,107.79846751490948,98496.42034146126,22.632654463251853,
std,4.168074567337812,0.4655134715857483,51250.34356508161,1.9069258693435012,0.9186001590578281,3.57940408076439,2.5906114226633408,0.47792944324742237,4.37688425439751,3.608675498414939,14.280165208386155,28.715588899006086,5948.273688966226,6.7612669252030715,0.4807870196753882,2.581099539056261,0.26791072619316225,0.8484389490958706,3679.174950050108,274.0690350449037,0.23502992707225795,1607.0568082478642,3747.550096410145,0.07444081336628398,0.9085001290226723,0.5787769617543518,0.09844112297052167,0.9085001290226723,0.5787769617543518,9.844112297052167,1220.4641611615482,2301Q65746.csv,North_America_chiller_retrofit,34.78897521837553,2116.3915974234123,2.4920283590724472,
min,29.376110500759548,5.555517408582899,520111.2103806934,15.236388312445746,6.151390075683594,0.0,16.59944322374132,4.769999186197917,0.0,172.90742008216097,30.000001907348636,0.0,324699.04085724,0.0,2.8882153910343504,16.97538556513433,2022.0,0.23944430881076073,223230.57968607024,400279.427448256,1722.3333945995946,409602.70631674695,419031.55587824277,0.18747570802622815,2.8843431819380156,5.695839748762739,0.455169250800086,2.8843431819380156,5.695839748762739,0.0,0.0,2301Q65746.csv,North_America_chiller_retrofit,0.0,94311.3203125,15.0,
25%,37.233890957302506,5.83329094780816,605922.6136716782,18.95333184136284,8.40833240085178,5.089771747589111,21.529998779296875,5.841111077202695,129.09300231933594,180.6979505269318,33.608814239501946,63.4000015258789,356284.26751423883,84.94623565673828,5.54111073811849,21.89353173052831,2023.0,2.007779015435113,230137.15594551875,401801.2819737789,1723.9014574498137,412739.00798290526,425622.5072098565,0.4142865129950454,5.916409499760778,8.378273970266868,0.6704506004035349,5.916409499760778,8.378273970266868,18.68993771388781,1267.6663626042496,2301Q65746.csv,North_America_chiller_retrofit,81.29999542236328,96825.578125,20.800001356336804,
50%,40.70833418104384,6.666624281141493,633960.0226568787,20.225554572211372,9.037221272786454,6.782392501831055,23.06722429063585,6.549165513780382,131.46574401855472,183.2485561285553,38.49862289428711,74.4000015258789,359860.7011862845,88.3536376953125,5.829999881320529,23.385775129649176,2023.0,2.593053181966142,232250.28952748163,401965.9417171476,1724.0539192326569,413682.08296808926,428007.2274318469,0.4684595150223797,6.37476193952626,8.79790475500124,0.7438535032847399,6.37476193952626,8.79790475500124,25.614649671526013,2072.107548829525,2301Q65746.csv,North_America_chiller_retrofit,93.13333892822266,98547.0546875,21.899998982747395,
75%,43.087777031792534,6.666624281141493,677290.5446876606,21.92333221435547,9.620001051161024,8.868509292602539,25.27860853407118,6.68138927883572,134.53712463378906,186.5069326914444,52.94765853881836,102.6500015258789,363781.5168441568,97.08573913574219,6.144193224515277,25.59681865846028,2023.0,3.24111090766059,235397.05868602078,402144.7808789704,1724.1950268793707,415056.9168111365,430207.26192433364,0.5155387272228934,7.177553485790673,9.200680053797253,0.813100622861122,7.177553485790673,9.200680053797253,32.95493995964651,3264.5390870245383,2301Q65746.csv,North_America_chiller_retrofit,128.0500030517578,100140.859375,24.10000271267361,
max,73.60166761610243,8.055491977267796,829663.8748247599,28.855001661512585,13.257776896158854,80.18242645263672,32.24444495307075,9.835554758707682,157.90280151367188,202.80328674570467,90.19283294677734,172.8000030517578,407786.6700587071,100.0,9.50429588194271,32.61225612487044,2023.0,6.466666327582465,245513.99994831296,404040.9936481504,1725.533874978953,419217.34754180256,459148.77875721996,0.7378291028381034,10.10204284722363,11.842683259662115,1.0,10.10204284722363,11.842683259662115,54.4830749199914,5111.75647873662,2301Q65746.csv,North_America_chiller_retrofit,218.26666259765625,102541.8671875,31.899998982747395,
count,34199.0,136.0,34199.0,34199.0,31443.0,19979.0,33320.0,34199.0,30102.0,32332.0,34199.0,34111.0,34199.0,23943.0,34199.0,34199.0,34199.0,31443.0,34199.0,34199.0,34199.0,34199.0,34199.0,34199.0,34199.0,34199.0,34199.0,34199.0,34199.0,34199.0,34111.0,2511Q20862.csv,North_America_chiller_retrofit,,8680.0,,
mean,39.86212559848703,7.222222222222222,733688.9516002198,22.198703015090473,9.974012941062973,13.336738575284706,25.55296118330348,7.414493925850125,128.85230217448867,200.21097394770408,49.87427410207272,88.29163319763647,376076.5554111385,90.65138871429089,7.098516324198319,28.189805286442777,2022.3686949910816,2.5593649185644867,239137.1611026284,402684.92623052385,1723.4496725373895,416427.95655203593,425914.4985557152,0.598633902107431,7.197457779094674,8.929849257747582,0.8083003160426392,7.197457779094674,8.929849257747582,19.16996839573609,1740.197776306319,2511Q20862.csv,North_America_chiller_retrofit,,23456.84427383353,,
std,4.7292264996595526,0.0,75468.98809271854,2.4797406202650873,1.2174830686087217,7.85525430508195,3.039639402986292,1.03016367414352,6.272163929997194,3.440820705195664,12.415208087066642,21.991426204411606,14392.235803587197,3.8686351971394077,1.0329003401078378,3.4265583984825807,0.48245808196103684,0.6414194613728565,4950.457329161723,576.0373078828691,0.4605484940469484,2000.734323392161,3730.6068155349462,0.0865936666504949,1.0977741684158757,0.8136045436338007,0.11300277581035462,1.0977741684158757,0.8136045436338007,11.300277581035463,1232.5615372521438,2511Q20862.csv,North_America_chiller_retrofit,,4423.2266881848245,,
min,28.88888888888889,7.222222222222222,595679.0768999981,15.055555555555555,8.277777777777777,0.2,18.722222222222225,6.61111111111111,114.3,186.15843900000002,30.1,52.3,340573.06790000363,77.9,4.245078772481747,21.33531409928065,2022.0,0.6111111111111143,229348.8275558767,401059.9765905224,1718.978144087251,412223.77567446657,417516.51295953937,0.2701371830446781,3.279744231061664,4.415006840589472,0.49672553605077563,3.279744231061664,4.415006840589472,0.0,0.0,2511Q20862.csv,North_America_chiller_retrofit,,15820.3,,
25%,36.77777777777778,7.222222222222222,674968.782399985,20.72222222222222,9.388888888888888,8.1,23.277777777777782,7.166666666666666,124.4,198.5690016,40.7,72.1,371599.4743999933,87.8,6.763030415919729,25.48109451194165,2022.0,2.1111111111111143,235231.88335807424,402496.2748872762,1723.4334512064847,414830.32508399594,423473.25703148736,0.535041060592073,6.485609474651211,8.582920857720335,0.7356687927033649,6.485609474651211,8.582920857720335,10.835772432509861,837.0789232741423,2511Q20862.csv,North_America_chiller_retrofit,,19513.824999999997,,
50%,38.77777777777778,7.222222222222222,708753.0917000005,21.666666666666668,9.722222222222221,11.0,24.72222222222222,7.222222222222222,127.2,200.63742870000002,46.0,81.4,374057.7061975438,90.0,6.9555555555555575,27.136274945752405,2022.0,2.5,237599.4655003675,402605.4230866764,1723.5125100559433,415830.2266936537,425296.3980964646,0.5845473208595059,7.255514354305392,9.105772215321789,0.8238809463152016,7.255514354305392,9.105772215321789,17.611905368479842,1396.7568085149696,2511Q20862.csv,North_America_chiller_retrofit,,23227.85,,
75%,42.27777777777777,7.222222222222222,781148.0401999761,23.000000000000004,10.222222222222221,16.8,27.388888888888886,7.277777777777779,132.4,202.7058558,58.1,102.9,376195.7893401227,93.2,7.122222222222223,30.49221286476393,2023.0,2.944444444444442,242434.5368102044,402699.8324278261,1723.6041873709316,417870.6185205302,427546.56428534957,0.6582321210684786,7.873039916356333,9.385788364928258,0.8916422756749014,7.873039916356333,9.385788364928258,26.4331207296635,2500.406277642748,2511Q20862.csv,North_America_chiller_retrofit,,27393.35,,
max,72.11111111111111,7.222222222222222,991438.1287000057,34.888888888888886,22.5,80.1,36.88888888888889,17.77777777777778,161.5,212.3585156,98.3,175.89999389648438,529489.4097000113,100.0,17.54155474321948,39.06866692421454,2023.0,8.833333333333334,255020.8685587652,408443.47488616477,1724.8392233902803,422266.07409293274,455099.2575742025,0.8202942180758102,11.42918884606922,14.31275404881873,1.0,11.42918884606922,14.31275404881873,50.32744639492244,7062.897694996714,2511Q20862.csv,North_America_chiller_retrofit,,33387.9,,
count,15393.0,14242.0,15393.0,15393.0,15303.0,15292.0,15381.0,15393.0,15310.0,14882.0,15393.0,11605.0,15393.0,11605.0,15393.0,15393.0,15393.0,15303.0,15393.0,15393.0,15393.0,15393.0,15393.0,15393.0,15393.0,15393.0,15393.0,15393.0,15393.0,15393.0,11605.0,2608Q18009.csv,North_America_chiller_retrofit,,12104.0,,
mean,50.39179785905571,8.785372684860116,694010.8984780982,24.026819550011908,11.205511628075831,6.579891446507978,25.74641874173764,8.769682467499656,149.9598105813194,275.29612949494697,49.24829467939973,134.21857819905213,390660.3971069942,0.0,8.220637179842432,26.37047347391077,2022.7282531020594,2.4362543292164935,236511.92953212245,403319.07493829116,1722.9231860350126,415173.37703329267,437143.01038413367,0.3580922590313533,4.990212558372251,8.62243307234776,0.5848384916502857,4.990212558372251,8.62243307234776,41.51615083497142,5365.822425592883,2608Q18009.csv,North_America_chiller_retrofit,,8650.35627891606,,
std,3.8103850485015034,0.7690692568334554,42975.008696637444,1.7342157400753961,1.0938841628412028,4.782324634232531,2.0461056802227056,0.8518678511809831,2.003664117769626,2.299525081437432,7.847114017112655,28.221854673735812,12148.408075759144,0.0,0.89698072646962,2.1551860923980763,0.444874565200831,1.020751981964877,3073.523694554465,503.0581979837689,0.40822484713541296,1355.2880571420685,4135.066359741445,0.07545381099427681,0.5133342449742722,0.9457079243323856,0.08108550215379857,0.5133342449742722,0.9457079243323856,8.108550215379857,712.1573835743119,2608Q18009.csv,North_America_chiller_retrofit,,1017.571089138794,,
min,34.38888888888889,7.222222222222222,512252.51719998574,15.111111111111112,6.833333333333331,-0.1,16.444444444444446,5.777777777777777,133.1,186.15843900000002,31.9,0.0,344020.44640002446,0.0,4.5333186643918,16.494956884168175,2022.0,0.3333333333333304,222560.50434844152,401225.20803575864,1719.5402146912836,409181.6162119544,421635.73025965004,0.16801922504310632,3.1960246051376284,5.890852162577505,0.37093803530630653,3.1960246051376284,5.890852162577505,0.9370152593990766,0.0,2608Q18009.csv,North_America_chiller_retrofit,,6023.1,,
25%,47.666666666666664,8.333333333333334,672210.8795999947,23.333333333333332,10.555555555555555,3.3,24.833333333333336,8.277777777777777,148.9,275.1008043,42.99999999999999,112.7,384010.036999985,0.0,7.725263409129468,25.343240856994896,2022.0,1.611111111111109,235035.19154894707,403040.81216919067,1722.7343677620713,414502.381673809,434086.96514509135,0.30671343212249585,4.622988067394794,7.847821260638914,0.531228976911834,4.622988067394794,7.847821260638914,35.529685081465054,4980.054847685811,2608Q18009.csv,North_America_chiller_retrofit,,7875.45,,
50%,49.27777777777778,8.722222222222223,697032.0048000077,24.27777777777778,11.277777777777777,5.9,25.944444444444446,8.777777777777777,149.7,275.79028,47.9,130.5,388836.36689994927,0.0,8.09305228866458,26.56890311143013,2023.0,2.388888888888891,236786.64781012308,403248.2937937986,1722.978469732148,415301.8972040018,435902.61049030005,0.3625918147599919,5.0957004173774525,8.510475914532227,0.5895280717138912,5.0957004173774525,8.510475914532227,41.04719282861088,5304.042942701375,2608Q18009.csv,North_America_chiller_retrofit,,8651.05,,
75%,52.83333333333333,8.88888888888889,721163.6543000226,25.166666666666664,11.777777777777779,9.4,27.055555555555557,9.000000000000002,150.9,276.4797557,55.3,156.4,395861.53736414807,0.0,8.622222222222224,27.72936514525719,2023.0,3.2222222222222214,238450.53378227795,403546.1720302948,1723.149733929376,416049.40307791525,439976.95348003146,0.4132394377333297,5.3387922617618795,9.206438973118308,0.6447031491853494,5.3387922617618795,9.206438973118308,46.877102308816596,5721.631040224151,2608Q18009.csv,North_America_chiller_retrofit,,9408.949999999999,,
max,71.44444444444444,15.944444444444446,972822.2847999788,31.555555555555554,23.94444444444444,71.5,36.611111111111114,17.22222222222222,167.3,281.3060856,100.5,293.0,506047.2359000079,0.0,16.11164041458011,38.3679514527181,2023.0,7.555555555555555,253979.22336942813,407675.06235737517,1724.6943519177091,422222.0793291036,455460.67840535566,0.7386516459728385,9.169780963772956,14.40881436186315,0.9906298474060092,9.169780963772956,14.40881436186315,62.90619646936935,11520.459513806494,2608Q18009.csv,North_America_chiller_retrofit,,10497.3,,
count,20509.0,143.0,20509.0,20509.0,15865.0,11505.0,20374.0,20509.0,19260.0,18866.0,20509.0,20460.0,20509.0,6619.0,20509.0,20509.0,20509.0,15865.0,20509.0,20509.0,20509.0,20509.0,20509.0,20509.0,20509.0,20509.0,20509.0,20509.0,20509.0,20509.0,20460.0,2619Q27626.csv,North_America_chiller_retrofit,,4885.0,,
mean,52.13297955844821,8.100233100233101,763876.3528596341,25.774738461539826,9.849665581786374,3.8342025205105705,28.063125115680403,8.172203531654363,149.99518691858148,239.80798819968388,51.157018869392495,128.71663733548547,388683.6572881413,99.50904970539356,8.072026374979794,29.62754681944281,2022.4051392071774,1.6417235705633517,241201.2438844839,403235.4528045443,1722.991719348006,417165.9996167312,437601.42269452434,0.4182747687876577,4.788824117000548,7.5998030129852765,0.6438158942818394,4.788824117000548,7.5998030129852765,35.618410571816064,4302.9364294358775,2619Q27626.csv,North_America_chiller_retrofit,,20761.760287551177,,
std,4.324301231289861,0.862586669072387,63306.87104794937,2.3321113518366188,0.8014019784361585,2.6559890353224755,2.7024217404750477,0.8514204520788511,1.7519304419505801,2.629273826767729,9.639785339152612,23.73102229227559,11377.101658322355,0.6691071892764653,0.8515046018687357,2.800920673101274,0.4909309336010404,0.40331683088574083,4061.0907345331498,478.78048519416177,0.39147183502280486,1703.712183512262,5015.97579266498,0.10071467070313185,0.5386045811978623,0.8839876695604448,0.12799833688274834,0.5386045811978623,0.8839876695604448,12.799833688274834,859.303285860261,2619Q27626.csv,North_America_chiller_retrofit,,3722.1762249096732,,
min,38.94444444444444,7.222222222222222,639116.045999998,17.944444444444443,7.88888888888889,0.1,21.11111111111111,6.444444444444445,136.3,205.4637586,35.7,89.5,366297.44659086014,93.2,6.344444444444445,23.654743605759222,2022.0,0.1666666666666643,232632.07179025677,402258.63092377974,1718.9252746973632,412883.5895755942,425705.26078600995,0.20965821486780625,3.3411950016023058,4.972268231364003,0.3699579933269557,3.3411950016023058,4.972268231364003,10.753487991836542,1750.4255573361233,2619Q27626.csv,North_America_chiller_retrofit,,14426.8,,
25%,48.33333333333333,7.222222222222222,705995.18890001,23.666666666666664,9.277777777777779,1.7,25.500000000000004,7.333333333333335,148.4,237.86911650000002,41.1,103.7,377626.3589366829,99.3,7.233333333333335,27.00341565740547,2022.0,1.3888888888888875,237409.01362842627,402762.7311476049,1722.683454894385,415536.51608385955,433343.8682320544,0.30847373946527107,4.255822923028581,7.0456316121993,0.5026014316988884,4.255822923028581,7.0456316121993,25.161298253722098,3591.8277569684938,2619Q27626.csv,North_America_chiller_retrofit,,17778.7,,
50%,50.72222222222222,7.777777777777778,770116.4290000119,25.999999999999996,9.722222222222221,3.6,28.388888888888886,8.055555555555555,149.7,239.24806790000002,52.6,131.8,387026.66795980313,99.6,7.955555555555556,29.9963908609771,2022.0,1.666666666666666,241717.17438542188,403170.7701480053,1723.042340832386,417367.79966413864,435358.2716316709,0.4361021120549998,4.952827240118973,7.534719626715239,0.6723898925651648,4.952827240118973,7.534719626715239,32.761010743483524,4243.508591630523,2619Q27626.csv,North_America_chiller_retrofit,,20318.0,,
75%,56.166666666666664,8.88888888888889,791490.1756999658,26.833333333333332,10.333333333333334,5.6,29.388888888888893,8.833333333333332,151.6,242.0059707,57.0,144.1,397348.85634149367,100.0,8.733333333333333,30.95228320999138,2023.0,1.9444444444444438,243101.12718034338,403608.6210152154,1723.380901676524,418056.9750161948,442556.46987918776,0.5029213363572038,5.253667881493901,8.406156359747303,0.748387017462779,5.253667881493901,8.406156359747303,49.739856830111165,5196.163624906743,2619Q27626.csv,North_America_chiller_retrofit,,23121.7,,
max,69.77777777777777,10.0,983164.4203000423,35.833333333333336,19.944444444444446,14.7,37.27777777777777,17.77777777777778,164.0,248.90072770000003,82.6,207.8,531764.8574151818,100.0,17.677777777777777,38.758467712805725,2023.0,4.722222222222223,254559.43471469573,408516.32213635766,1723.8048273844963,422461.6768258205,452428.18674853514,0.6586380596491329,7.896897545758787,14.908107081451872,0.8924651200816346,7.896897545758787,14.908107081451872,63.00420066730443,9819.979645027146,2619Q27626.csv,North_America_chiller_retrofit,,27523.9,,
count,28096.0,6.0,28096.0,28096.0,28096.0,28090.0,28096.0,28096.0,28096.0,28095.0,28096.0,28096.0,28096.0,28090.0,28096.0,28096.0,28096.0,28096.0,28096.0,28096.0,28096.0,28096.0,28096.0,28096.0,28096.0,28096.0,28096.0,28096.0,28096.0,28096.0,28096.0,4004Q69950.csv,North_America_chiller_retrofit,28096.0,28096.0,5623.0,
mean,46.28752749046474,6.666687859429254,757662.6348015749,26.013415918353843,10.467451834748045,14.66507862846862,27.897391307130704,6.684571456317809,138.8291857894298,215.75029614196745,53.735144840150326,114.54942173593952,369359.5742264749,95.36998509549296,6.585584475856312,29.27044963709337,2022.808833997722,3.782880378430235,240699.95431031458,402395.4716691122,1723.6894480716423,417148.5356044985,431836.406589882,0.5190404961025797,5.62157709745173,6.830151906359948,0.8322264531824108,5.62157709745173,6.830151906359948,16.77735468175892,1606.9988593920002,4004Q69950.csv,North_America_chiller_retrofit,137.02449953121584,24034.30388736942,25.874800723055117,
std,4.307086985374303,0.0,81915.17282766028,3.2078796274504766,1.927163105394865,14.70646550645803,3.6859091770918933,0.2954450782401277,3.268637944210038,3.1413022397260506,14.976111848834773,31.90590997816143,3955.309184532262,1.126476410648183,0.29511795374608046,3.8613719115240084,0.3932264810220044,1.856094426732217,5550.017698900154,165.84748638505206,0.13562163711650801,2346.982034808084,4709.638081260152,0.1375273161833941,0.8326308508152552,1.0211904362035493,0.12566933740245884,0.8326308508152552,1.0211904362035493,12.566933740245885,1031.5838980787,4004Q69950.csv,North_America_chiller_retrofit,38.18806419690281,2509.526360252416,4.239188652898486,
min,31.94666544596354,6.666687859429254,523302.7287576215,15.045000712076822,7.667776743570959,0.01997268572449684,16.023888058132595,4.387777116563585,129.75999450683594,208.34909699500278,31.71241950988769,66.70000457763672,342227.30038473377,94.9975128173828,4.3836689519419,17.1689226348646,2022.0,0.5880567762586768,223500.73983986943,401139.44814820105,1719.118049334939,409607.02827861137,420541.86686664325,0.20222588945209238,3.5031361622506,5.264984082949814,0.41088615695224395,3.5031361622506,5.264984082949814,0.0,0.0,4004Q69950.csv,North_America_chiller_retrofit,80.86666870117188,19744.16015625,19.399998982747395,
25%,42.62610965304904,6.666687859429254,727740.7533824273,25.64083523220486,8.820554945203993,5.28533411026001,26.943333943684895,6.593055725097656,136.593994140625,213.40612182831575,42.99346160888672,91.5999984741211,368173.16566053877,94.9975128173828,6.493055725097657,28.040566589834725,2023.0,2.1413887871636277,238897.67940938726,402343.0544408965,1723.6700164064612,416431.04887337354,427791.816839673,0.4061924061813429,4.895167302329682,6.193794108357929,0.7341771563254929,4.895167302329682,6.193794108357929,4.7133661690562985,647.67942661847,4004Q69950.csv,North_America_chiller_retrofit,109.63333129882812,22021.04150390625,22.5,
50%,45.871946546766495,6.666687859429254,759159.156107118,26.36972215440538,10.029165479871962,9.0324125289917,28.219998677571613,6.659444173177083,138.19099426269528,214.94885737287143,49.52941513061523,106.4000015258789,369013.466878999,94.9975128173828,6.559444173177083,29.498589588766492,2023.0,3.3575005001491927,240998.01180994397,402380.74997313047,1723.7015456507668,417314.891604916,431542.5562656368,0.49795731696385864,5.588455214191302,6.545890397128625,0.8373107777425403,5.588455214191302,6.545890397128625,16.268922225745975,1727.9199160383266,4004Q69950.csv,North_America_chiller_retrofit,126.30000305175781,23949.849609375,25.1000001695421,
75%,49.72888946533203,6.666687859429254,800767.5669724687,27.753334045410156,11.850556267632378,18.043590545654297,29.80555640326606,6.72527737087674,140.09201049804688,217.62029165513613,61.27124500274658,129.30000305175778,369848.1875816408,94.9975128173828,6.6252773708767405,31.361155693911996,2023.0,5.190554724799263,243694.31474543986,402418.118861362,1723.7333862009332,418437.3247165115,435721.03444324783,0.6503328113108244,6.288997457985663,7.053711824125106,0.9528663383094371,6.288997457985663,7.053711824125106,26.582284367450708,2401.317429661208,4004Q69950.csv,North_America_chiller_retrofit,156.26666259765625,26071.22607421875,28.500001695421005,
max,63.597496880425346,6.666687859429254,990976.6336277118,34.242498609754776,24.558614095052082,70.12595367431639,37.56222195095487,17.28249867757161,174.46299743652344,232.7914713607178,104.87582397460938,225.0,523527.1602206944,100.0,17.18249867757161,39.05141573850727,2023.0,10.220832824707028,254995.19378369895,408251.1645456449,1724.769451112294,422715.6898553127,449311.0703396688,0.85,9.443565158569063,12.390301664444301,1.0,9.443565158569063,12.390301664444301,58.9113843047756,8401.924411242846,4004Q69950.csv,North_America_chiller_retrofit,267.4666748046875,28538.197265625,41.6999986436632,
count,32980.0,647.0,32980.0,32980.0,30850.0,29658.0,32214.0,32980.0,31193.0,30514.0,32980.0,32952.0,32980.0,265.0,32980.0,32980.0,32980.0,30850.0,32980.0,32980.0,32980.0,32980.0,32980.0,32980.0,32980.0,32980.0,32980.0,32980.0,32980.0,32980.0,32952.0,4415Q24810.csv,North_America_chiller_retrofit,,1114.0,,
mean,40.768949195106636,8.123561737935772,766306.146244677,24.52956000248961,10.978838466559791,19.574806122980988,27.793795658939256,7.448135233359166,152.8392235511792,247.792830568192,70.3523135235788,301.06712794367564,361383.95953711576,99.5494339507481,5.888741468352722,29.626386904747537,2022.5263493026077,3.5277813801764584,241221.50267555015,401993.17389354436,1724.0501994097863,417462.3583267835,426096.56817741,0.6496548561311533,6.701835296801723,8.368298895086468,0.8061222511594401,6.701835296801723,8.368298895086468,19.387774884055965,5281.790690894431,4415Q24810.csv,North_America_chiller_retrofit,,49529.69784419883,,
std,2.3540535631791903,2.176830991434913,92948.24702172387,3.1872597048903435,3.1320809553258506,9.964249435487545,4.045972494564409,2.356863486416704,3.1154098383915865,2.3665533725442667,19.31010054021586,77.24876516169475,27797.032664729577,4.730022806341961,2.186339789960288,4.285605506848714,0.4993128015395903,1.038760395980325,6178.557395621048,1240.4860557954112,1.0475499105799473,2365.2217802382224,1958.255722151442,0.10786195464288324,0.38098112600131584,0.7072571401201636,0.07807204507925483,0.38098112600131584,0.7072571401201636,7.807204507925482,1173.9322106554105,4415Q24810.csv,North_America_chiller_retrofit,,3905.5713255720448,,
min,33.05555555555556,4.444444444444445,555000.0105999877,16.166666666666668,3.0555555555555554,-0.1,17.83333333333333,2.2777777777777786,133.6,218.5637969,30.600000000000005,136.0,307478.2343000069,31.9,1.3574013493150119,19.04410586272985,2022.0,0.0555547078450509,226125.1158560883,399393.52700330125,1719.0750024810507,411310.8931204826,421783.14317799214,0.28059552618006844,3.9214326829931268,6.06375854833212,0.5401253664343734,3.9214326829931268,6.06375854833212,3.99643818847194,1733.7820490617416,4415Q24810.csv,North_America_chiller_retrofit,,42643.5,,
25%,38.888888888888886,6.388888888888888,692205.6748999713,22.166666666666668,8.499999999999998,12.1,24.666666666666668,5.499999999999999,150.3,246.14282490000002,55.0,240.0,338504.64080006414,100.0,4.071060106702134,26.333187633417367,2022.0,2.8333333333333304,236449.34518179114,400960.12207835296,1723.273903100156,415717.28402974416,424906.52574498625,0.5842010305164681,6.659800606318629,7.765473516396907,0.7384599269992264,6.659800606318629,7.765473516396907,12.436075757180232,4451.878192683403,4415Q24810.csv,North_America_chiller_retrofit,,46150.524999999994,,
50%,40.5,7.777777777777778,774942.7588999954,24.72222222222222,10.611111111111112,19.5,28.22222222222222,6.7777777777777795,152.3,248.211252,73.2,316.0,352983.6305000123,100.0,5.272523141552654,30.21396636773767,2023.0,3.833333333333332,242031.83503541627,401648.0026332098,1724.3270212580283,417926.63177911483,425670.04873211286,0.6796037708807136,6.80572091819556,8.261811168112313,0.8165904681999945,6.80572091819556,8.261811168112313,18.340953180000557,5278.4651149410565,4415Q24810.csv,North_America_chiller_retrofit,,49774.85,,
75%,42.55555555555555,10.0,844579.8045999964,27.22222222222222,13.61111111111111,25.9,31.277777777777775,9.277777777777779,155.2,249.59020340000004,85.6,363.0,380562.6584999959,100.0,7.460389242634619,33.245277829906286,2023.0,4.333333333333336,246437.39118534076,402891.1628756372,1724.9271373583908,419424.11252237135,426616.1603258199,0.736158129386193,6.911639898203669,8.97549286679593,0.8756392424281977,6.911639898203669,8.97549286679593,26.154007300077364,6135.008433256882,4415Q24810.csv,North_America_chiller_retrofit,,52803.925,,
max,58.388888888888886,13.333333333333332,976269.6632999873,31.666666666666664,20.944444444444446,64.5,37.88888888888889,17.61111111111111,168.2,254.4165333,104.5,441.0,525352.5555000154,100.0,17.292754731033824,38.498468279237386,2023.0,5.333333333333334,254173.0532129644,408310.26378020557,1726.3436017636304,421841.17947217077,444744.59692405886,0.8301054724885474,8.584348180645737,13.167387250950894,0.9600356181152806,8.584348180645737,13.167387250950894,45.987463356562664,13169.268220501557,4415Q24810.csv,North_America_chiller_retrofit,,56507.6,,
count,7866.0,7866.0,7866.0,7866.0,7866.0,7866.0,7866.0,7866.0,7866.0,7866.0,7866.0,7866.0,7866.0,7866.0,7866.0,7866.0,7866.0,7866.0,7866.0,7866.0,7866.0,7866.0,7866.0,7866.0,7866.0,7866.0,7866.0,7866.0,7866.0,7866.0,7866.0,4998J59038.csv,North_America_chiller_retrofit,,7866.0,,
mean,40.47840647553712,6.6666412353515625,742903.524787148,23.458805723298344,9.456027084802354,19.40816237330588,27.736978294061537,6.660090612517167,127.62614203384442,173.34775678165053,61.95480570100871,304.9910307398529,354470.9014652107,0.15816673462532752,5.392051627265359,28.653866382754828,2023.0,2.7959364722851867,239798.59369064053,401716.0726331183,1724.2688971714203,416965.5637417947,426308.9374712019,0.6232025651517146,6.615189471084494,8.78508868250321,0.7592317704015932,6.615189471084494,8.78508868250321,24.076822959840687,6990.533887200698,4998J59038.csv,North_America_chiller_retrofit,,52420.088254632275,,
std,2.2277914645557946,0.0,64385.52927916982,2.2192914668973627,0.601044030648776,12.699875237815224,2.798912496035747,0.18664900428269168,6.884826041806491,0.8935943072410868,11.290685623389086,58.89182449079657,4414.721986290386,0.012143176136255915,0.36227343040955784,2.961844945267742,0.0,0.5155516713309194,4271.519329609245,207.03842624655664,0.17937331332218748,1788.9198206966144,1771.4811671155887,0.08526415530478165,0.5046034683878708,0.9911466154196703,0.07100095522652664,0.5046034683878708,0.9911466154196703,7.100095522652663,1320.2860816841135,4998J59038.csv,North_America_chiller_retrofit,,670.4899413471239,,
min,33.78111097547743,6.6666412353515625,581101.3937865966,16.89805560641819,8.103889889187283,0.0,19.944720798068577,5.996665954589844,0.0,160.4058861629181,37.55647659301758,0.0,327240.4935679296,0.0,3.1088221769112465,20.528255077614006,2023.0,1.3780551486545143,228211.11863101195,400406.6375676813,1722.2918226047227,411918.7180225976,421986.58911127946,0.4016181183162253,5.4592290684258025,6.381256582586541,0.589219897472,5.4592290684258025,6.381256582586541,6.447339376752026,0.0,4998J59038.csv,North_America_chiller_retrofit,,50968.56640625,,
25%,39.123331705729164,6.6666412353515625,692859.6121338757,21.814168294270832,8.993890550401476,10.105787515640259,25.61833275689019,6.571110619439023,126.7760009765625,172.9968974812775,51.95783233642578,256.2432022094727,353601.29282828706,0.15625599026679993,5.322930881389823,26.365198022525078,2023.0,2.3580551147460938,236495.13804574884,401676.7836262778,1724.1665229153318,415570.4902835657,425653.7556968653,0.5467416577479972,6.270681747995702,7.782676798682091,0.693488127805485,6.270681747995702,7.782676798682091,18.275091816767343,6183.068364197044,4998J59038.csv,North_America_chiller_retrofit,,51941.578125,,
50%,40.91388702392578,6.6666412353515625,725879.1395348767,22.714445326063366,9.425832960340712,15.242351531982422,26.96639166937934,6.637221442328559,128.36000061035156,173.12551137947847,60.1468391418457,297.22607421875,355464.53736333933,0.15625599026679993,5.4745839860732985,27.952698363471256,2023.0,2.7886115180121527,238771.3864840829,401763.33314596215,1724.2276483136552,416557.9250914812,426623.0333298284,0.634130162482109,6.468298220623055,9.13314674250049,0.7624024342612403,6.468298220623055,9.13314674250049,23.759756573875972,7144.446203272744,4998J59038.csv,North_America_chiller_retrofit,,52411.60546875,,
75%,42.16888851589626,6.6666412353515625,798129.0094535745,25.39166768391927,9.81388939751519,24.53088569641113,30.141665140787758,6.703334384494357,129.09300231933594,173.83628070156098,70.3125,348.33919525146484,357002.69646243,0.16602200269699094,5.5993199363283,31.245233598388097,2023.0,3.178613450792101,243526.06165504028,401834.47696378554,1724.3021895992692,418535.402761714,427384.11278268177,0.6975337884095215,6.820496505022959,9.548285038843503,0.8172490818323266,6.820496505022959,9.548285038843503,30.6511872194515,7944.935692846889,4998J59038.csv,North_America_chiller_retrofit,,53003.6484375,,
max,47.11555480957031,6.6666412353515625,901982.8648507358,29.757779439290363,15.789722866482204,75.46040344238281,35.04666646321615,11.743609110514322,134.47299194335938,178.03324940579986,89.79668426513672,446.8551940917969,409051.1892811407,0.18555398285388947,9.596670315090591,35.60573693131374,2023.0,4.4611125522189665,249896.92474329704,404092.6881910041,1725.4194873300503,421021.6984610798,432051.0540943031,0.7962244348506132,8.192052773645763,10.859446290221682,0.9355266062324797,8.192052773645763,10.859446290221682,41.0780102528,13985.017867524697,4998J59038.csv,North_America_chiller_retrofit,,53468.78515625,,
count,22743.0,8877.0,22743.0,22743.0,22743.0,13866.0,22743.0,22743.0,22743.0,22233.0,22743.0,22743.0,22743.0,13866.0,22743.0,22743.0,22743.0,22743.0,22743.0,22743.0,22743.0,22743.0,22743.0,22743.0,22743.0,22743.0,22743.0,22743.0,22743.0,22743.0,22743.0,5111Q21335.csv,North_America_chiller_retrofit,22743.0,22743.0,15106.0,0.0
mean,41.85098332187958,5.340017273102776,712109.3389293886,21.151589350737257,12.14849376243765,49.16796769687284,25.88411851989621,5.499731605510142,143.66337523724354,229.64312185240178,60.937496143873275,284.23937517629156,335696.6490513565,88.64536711163083,3.8267959384609287,27.20665851403547,2022.6442421844083,6.648762156927507,237717.28200945526,400819.2223191966,1725.053946446337,416323.6001553219,428354.18514404696,0.561253777078133,5.959051795732311,9.237769362578476,0.64656143525165,5.959051795732311,9.237769362578476,35.343856474835,10084.107413856118,5111Q21335.csv,North_America_chiller_retrofit,342.8166725189889,49159.35389838357,32.285873817075604,
std,2.912859101181642,0.8457349009056107,61328.67338201733,2.2124988103665473,0.9121340406218728,14.544277671218243,2.7172931884795783,0.6051790604220053,4.827304526588981,1.804399310365157,14.033366685971371,76.68344970083581,8348.984657409863,6.18977336023685,0.7060449040025889,2.8477833729238555,0.47875282793003066,0.7718554277388588,4101.887840339673,405.4791614609613,0.3584169228506312,1754.0291591509117,1738.0168462715437,0.032153345009369526,0.5229926286013585,0.9130312090343259,0.030893608489694004,0.5229926286013585,0.9130312090343259,3.0893608489693998,2927.525355125252,5111Q21335.csv,North_America_chiller_retrofit,93.07792247584787,2611.186038070091,2.7487409709625115,
min,36.34249793158638,4.444444444444445,584670.0217898253,16.81249830457899,9.188334147135416,0.0,20.204166836208767,4.184445275200738,135.03700256347656,222.46627396919246,30.389896392822266,0.0,311036.7204793005,77.55821990966797,1.6790269680251981,20.72722709243527,2022.0,3.657222323947475,228491.38641815117,399580.1109947801,1723.7796470461474,412185.3298683154,425293.6499282962,0.4237575960160393,4.7016228572522225,6.580416333422805,0.5704877448078436,4.7016228572522225,6.580416333422805,19.63488324611352,0.0,5111Q21335.csv,North_America_chiller_retrofit,0.0,45024.7578125,24.899999830457897,
25%,39.75055694580078,5.0,669568.766130348,19.599444071451824,11.636666191948784,36.89937973022461,23.97750006781684,5.0611114501953125,140.09300231933594,228.6526813768921,50.8072509765625,227.0,330569.3579114353,83.51848602294922,3.395799629206408,25.210774162100904,2022.0,6.155556572808159,234846.25687311927,400571.9441081553,1724.8910076543623,415065.7602569666,427098.9759927246,0.5378029637303023,5.636797771402893,8.920863987479507,0.6272676714005192,5.636797771402893,8.920863987479507,33.71904828061294,7906.139808644462,5111Q21335.csv,North_America_chiller_retrofit,272.33334350585943,46393.21875,30.400000678168404,
50%,40.64971923828124,5.0,691064.6986637905,20.204166836208767,12.298609415690104,48.71426010131836,24.96305677625868,5.507778591579861,141.9654998779297,229.67038816155244,58.65458679199219,267.10000610351557,335197.40673665,86.84398651123047,3.7911185412572763,26.277281923323585,2023.0,6.764998965793185,236369.37846777556,400799.3310579154,1725.0692818307532,415771.8516761462,427617.8545359573,0.5594620013630386,6.127240209341079,9.506905632030724,0.6439096122391883,6.127240209341079,9.506905632030724,35.60903877608117,9686.540934709796,5111Q21335.csv,North_America_chiller_retrofit,323.433349609375,49856.4765625,31.999999152289497,
75%,43.273887634277344,5.555555555555555,739081.3430344628,22.296388414171005,12.85305447048611,58.42173099517822,27.173890007866753,5.641110738118489,146.1840057373047,230.53239059501652,68.46376800537111,324.8000183105469,339352.5561979175,93.8332290649414,4.1424942918980605,28.572215838277913,2023.0,7.278194427490236,239662.50401818476,401001.12112364324,1725.2715344953922,417172.8973876361,429259.9797761157,0.582673288928967,6.349331699330511,9.813367091183206,0.6628095171938706,6.349331699330511,9.813367091183206,37.27323285994808,11770.54278482182,5111Q21335.csv,North_America_chiller_retrofit,389.95001220703125,51528.1015625,33.79999796549479,
max,50.31777699788411,7.777777777777778,901410.7565656854,28.807775709364147,14.066111246744795,80.17823028564453,34.139722188313804,7.90777842203776,156.7293243408203,237.27039118739316,101.2685317993164,508.3000183105469,366957.0439634517,100.0,6.396769869815671,35.58277601714684,2023.0,8.361110687255856,249863.14640894745,402288.3626584145,1726.17112347143,421296.3684120367,433242.82919197535,0.6410957326801435,7.354499401068767,11.287867344884544,0.8036511675388648,7.354499401068767,11.287867344884544,42.95122551921564,19458.07333348801,5111Q21335.csv,North_America_chiller_retrofit,615.5333862304688,53112.7734375,44.699999491373696,
count,19481.0,19481.0,19481.0,19481.0,19481.0,19481.0,19481.0,19481.0,19481.0,19481.0,19481.0,19481.0,19481.0,19481.0,19481.0,19481.0,19481.0,19481.0,19481.0,19481.0,19481.0,19481.0,19481.0,19481.0,19481.0,19481.0,19481.0,19481.0,19481.0,19481.0,19481.0,5200Q64908.csv,North_America_chiller_retrofit,19477.0,19481.0,,19477.0
mean,50.361690878169824,5.976433155286157,719122.98803398,23.371958998072042,10.5250065845971,11.092363394749041,25.787140630892587,5.9870058581466665,128.32447351914192,172.46647691734256,42.397616306177845,184.0440885309725,350792.9229468359,93.32688034423403,5.0918006536276055,27.563109088217626,2022.6467840459936,4.538000726450434,238224.79793996914,401544.63180910423,1724.4168464201125,416352.4616836128,436667.73980296764,0.426932244106277,4.681946967213186,7.326440168182462,0.6394778153763784,4.681946967213186,7.326440168182462,36.05221846236217,6551.414990502361,5200Q64908.csv,North_America_chiller_retrofit,224.9351434544591,75928.2276240311,,53.510002176751
std,3.03374404106478,0.23810841917036832,53460.82984611956,1.3668275457863748,1.2457370782159334,5.240314509061455,2.010618767493419,0.2530587356682289,2.1919898971539356,1.7637539918706044,10.308881311355314,45.36577469821154,3935.153611903308,3.1516485161430356,0.32360351235342305,2.4982557619911097,0.4790541363226055,1.2673286476732948,3595.416697339646,185.00028504799081,0.16043162178055642,1542.7224895901095,3335.532038157255,0.07161151888576288,0.362329627809415,0.42685654529406725,0.04067304169229846,0.362329627809415,0.42685654529406725,4.067304169229846,1371.2315814725407,5200Q64908.csv,North_America_chiller_retrofit,54.9978388561025,1873.4462623463523,,1.2177696291117361
min,43.648889329698356,5.555602179633246,620858.2905460681,20.225554572211372,7.624443901909722,1.641388177871704,21.617223951551647,5.2624999152289496,123.37899780273438,168.22766268357086,30.21716117858887,85.72209930419922,335364.78891419095,84.97396850585938,3.805337390046077,22.694799685110922,2022.0,1.5813869900173607,231270.76569722831,400807.50262064853,1723.5302559039003,413393.89331508434,430605.6735773905,0.26271412231096164,3.4302765711184,5.733486079588578,0.5172811195428442,3.4302765711184,5.733486079588578,20.81090505117602,2715.799638869697,5200Q64908.csv,North_America_chiller_retrofit,95.5078125,72823.96875,,50.76610989040798
25%,48.25916714138455,6.111149258083767,677988.1633043794,22.274445427788628,9.44722281561957,6.745945930480957,24.312222798665363,5.97444322374132,126.70500183105469,171.6384296199112,33.814441680908196,147.26568603515625,348852.20491117146,90.95075988769531,4.933607364614659,25.63153175704781,2022.0,3.446943495008684,235446.6157518696,401454.3271820001,1724.3152534374426,415141.56598433544,434338.53141032613,0.3631773720871936,4.505835607332488,6.958105847083274,0.6119891228337089,4.505835607332488,6.958105847083274,33.004563441066296,5485.506319034199,5200Q64908.csv,North_America_chiller_retrofit,179.5546875,74025.796875,,52.613889906141495
50%,49.80166541205512,6.111149258083767,703826.4587402416,23.244442409939236,10.823889838324657,10.127968788146973,25.233612060546875,6.084999508327912,128.21450805664062,171.77666983441927,39.210365295410156,169.9239959716797,351410.22751060256,92.75746154785156,5.143811114642119,26.898664152750257,2023.0,4.738055335150825,237258.9046024595,401574.4835325033,1724.3905518331655,415953.5499267387,435380.6680792916,0.43113123477711085,4.72356994072138,7.347583537845606,0.6490939690605724,4.72356994072138,7.347583537845606,35.09060309394276,6359.362352981243,5200Q64908.csv,North_America_chiller_retrofit,208.20703125,76297.484375,,53.452504475911454
75%,51.56277974446614,6.111149258083767,755854.646869902,24.13388994004991,11.487498813205296,14.767248153686525,27.173890007866753,6.151390075683594,129.56309509277344,173.48252672798154,49.2827491760254,215.1878356933593,353276.15478954767,95.64820861816406,5.29640460914959,29.347400901856247,2023.0,5.527500576443143,240779.80233828505,401661.6388891527,1724.494693603637,417484.11533393594,438337.913534036,0.49242369926985763,4.938136073484513,7.679923762319917,0.6699543655893371,4.938136073484513,7.679923762319917,38.80108771662911,7512.871428213484,5200Q64908.csv,North_America_chiller_retrofit,261.69140625,77497.796875,,54.18721516927083
max,63.38166978624132,6.111149258083767,888910.2221000675,27.776667277018227,13.874723646375868,26.945390701293945,31.699998643663193,7.449444664849179,137.34500122070312,183.57590348581695,75.54290008544922,327.6986999511719,373580.1073911496,100.0,6.918226578864733,35.07832679005247,2024.0,7.706387837727864,249121.67342957546,402584.2678105444,1725.0620405340546,420679.406146073,450341.87950241944,0.5747450419963508,5.709887964179189,9.226113379141552,0.7918909494882398,5.709887964179189,9.226113379141552,48.271888045715585,11611.217437076046,5200Q64908.csv,North_America_chiller_retrofit,397.3125,79334.25,,58.525000678168404
